,School,"City, State",Link,2016_weight,2016_height,2017_weight,2017_height
0,Abilene Christian Wildcats,"Abilene, Texas",abilene-christian/,202.27272727272728,75.81818181818181,202.30769230769232,76.0
1,Air Force Falcons,"USAF Academy, Colorado",air-force/,196.85,76.65,196.73684210526315,76.84210526315789
2,Akron Zips,"Akron, Ohio",akron/,208.85714285714286,77.28571428571429,200.93333333333334,75.8
3,Alabama A&M Bulldogs,"Normal, Alabama",alabama-am/,195.52631578947367,75.84210526315789,196.78571428571428,74.57142857142857
4,Alabama Crimson Tide,"Tuscaloosa, Alabama",alabama/,208.5,77.25,211.28571428571428,77.85714285714286
5,Alabama State Hornets,"Montgomery, Alabama",alabama-state/,195.0,76.26666666666667,204.0,77.26666666666667
6,Alabama-Birmingham Blazers,"Birmingham, Alabama",alabama-birmingham/,201.08333333333334,77.33333333333333,200.58333333333334,77.08333333333333
7,Albany (NY) Great Danes,"Albany, New York",albany-ny/,214.63636363636363,77.0,213.15384615384616,76.3076923076923
8,Alcorn State Braves,"Alcorn State, Mississippi",alcorn-state/,199.5,76.5,201.78571428571428,76.64285714285714
10,American Eagles,"Washington, D.C.",american/,202.76923076923077,77.3076923076923,205.76923076923077,77.15384615384616
12,Appalachian State Mountaineers,"Boone, North Carolina",appalachian-state/,195.94736842105263,75.73684210526316,202.33333333333334,77.13333333333334
13,Arizona State Sun Devils,"Tempe, Arizona",arizona-state/,195.66666666666666,76.66666666666667,198.0,75.85714285714286
14,Arizona Wildcats,"Tucson, Arizona",arizona/,195.76923076923077,77.53846153846153,197.69230769230768,77.23076923076923
15,Arkansas Razorbacks,"Fayetteville, Arkansas",arkansas/,206.23076923076923,76.15384615384616,210.07692307692307,76.84615384615384
16,Arkansas State Red Wolves,"State University, Arkansas",arkansas-state/,201.25,76.91666666666667,198.76923076923077,75.92307692307692
17,Arkansas-Pine Bluff Golden Lions,"Pine Bluff, Arkansas",arkansas-pine-bluff/,199.33333333333334,77.6,203.33333333333334,77.8
19,Army Black Knights,"West Point, New York",army/,207.89473684210526,77.10526315789474,208.5,76.88888888888889
21,Auburn Tigers,"Auburn, Alabama",auburn/,205.7058823529412,76.58823529411765,208.94117647058823,76.94117647058823
24,Austin Peay Governors,"Clarksville, Tennessee",austin-peay/,187.28571428571428,75.71428571428571,196.5,76.33333333333333
27,Ball State Cardinals,"Muncie, Indiana",ball-state/,209.46153846153845,77.38461538461539,205.16666666666666,76.66666666666667
29,Baylor Bears,"Waco, Texas",baylor/,214.54545454545453,76.63636363636364,208.9090909090909,77.54545454545455
30,Belmont Bruins,"Nashville, Tennessee",belmont/,206.78571428571428,77.71428571428571,208.07692307692307,78.46153846153847
32,Bethune-Cookman Wildcats,"Daytona Beach, Florida",bethune-cookman/,194.0909090909091,75.0909090909091,204.46153846153845,76.15384615384616
33,Binghamton Bearcats,"Binghamton, New York",binghamton/,202.66666666666666,76.75,200.14285714285714,75.85714285714286
36,Boise State Broncos,"Boise, Idaho",boise-state/,205.63636363636363,78.0909090909091,208.3846153846154,78.0
37,Boston College Eagles,"Chestnut Hill, Massachusetts",boston-college/,203.4,77.33333333333333,209.0,77.8
38,Boston University Terriers,"Boston, Massachusetts",boston-university/,196.42857142857142,77.07142857142857,198.125,77.53333333333333
39,Bowling Green State Falcons,"Bowling Green, Ohio",bowling-green-state/,200.14285714285714,77.0,194.66666666666666,75.6
40,Bradley Braves,"Peoria, Illinois",bradley/,216.76923076923077,77.84615384615384,208.42857142857142,77.21428571428571
43,Brigham Young Cougars,"Provo, Utah",brigham-young/,207.33333333333334,77.86666666666666,207.33333333333334,78.0
45,Brown Bears,"Providence, Rhode Island",brown/,198.0,77.0,204.0,77.33333333333333
46,Bryant Bulldogs,"Smithfield, Rhode Island",bryant/,200.35714285714286,76.14285714285714,198.30769230769232,75.38461538461539
47,Bucknell Bison,"Lewisburg, Pennsylvania",bucknell/,205.85714285714286,77.0,206.30769230769232,77.0
48,Buffalo Bulls,"Buffalo, New York",buffalo/,194.57142857142858,76.35714285714286,198.23076923076923,76.84615384615384
49,Butler Bulldogs,"Indianapolis, Indiana",butler/,208.5,77.25,205.84615384615384,76.84615384615384
50,Cal Poly Mustangs,"San Luis Obispo, California",cal-poly/,207.625,77.0625,200.8125,76.4375
51,Cal State Bakersfield Roadrunners,"Bakersfield, California",cal-state-bakersfield/,198.33333333333334,75.5,190.83333333333334,76.5
52,Cal State Fullerton Titans,"Fullerton, California",cal-state-fullerton/,200.69230769230768,76.61538461538461,206.3125,77.5
53,Cal State Long Beach 49ers,"Long Beach, California",long-beach-state/,205.0,75.92307692307692,196.66666666666666,75.66666666666667
55,Cal State Northridge Matadors,"Northridge, California",cal-state-northridge/,197.0,76.33333333333333,207.5625,77.375
57,Campbell Fighting Camels,"Buies Creek, North Carolina",campbell/,195.33333333333334,74.73333333333333,199.375,75.5
58,Canisius Golden Griffins,"Buffalo, New York",canisius/,191.6153846153846,75.84615384615384,195.64285714285714,76.92857142857143
65,Central Arkansas Bears,"Conway, Arkansas",central-arkansas/,201.0,76.91666666666667,197.69230769230768,76.76923076923077
66,Central Connecticut State Blue Devils,"New Britain, Connecticut",central-connecticut-state/,195.0,76.42857142857143,193.0,76.42857142857143
67,Central Florida Knights,"Orlando, Florida",central-florida/,230.41666666666666,79.41666666666667,210.0,77.75
68,Central Michigan Chippewas,"Mount Pleasant, Michigan",central-michigan/,191.28571428571428,76.64285714285714,205.46153846153845,76.61538461538461
73,Charleston Southern Buccaneers,"Charleston, South Carolina",charleston-southern/,193.5,75.92857142857143,190.14285714285714,75.64285714285714
74,Charlotte 49ers,"Charlotte, North Carolina",charlotte/,206.64285714285714,76.85714285714286,205.76923076923077,77.46153846153847
75,Chattanooga Mocs,"Chattanooga, Tennessee",chattanooga/,198.73333333333332,76.86666666666666,193.33333333333334,76.0
78,Chicago State Cougars,"Chicago, Illinois",chicago-state/,199.8125,76.0,199.84615384615384,75.92307692307692
79,Cincinnati Bearcats,"Cincinnati, Ohio",cincinnati/,210.45454545454547,77.54545454545455,212.30769230769232,77.61538461538461
80,Citadel Bulldogs,"Charleston, South Carolina",citadel/,193.66666666666666,75.8,193.625,76.0
82,Clemson Tigers,"Clemson, South Carolina",clemson/,210.08333333333334,77.08333333333333,205.28571428571428,76.71428571428571
84,Cleveland State Vikings,"Cleveland, Ohio",cleveland-state/,205.66666666666666,77.46666666666667,200.71428571428572,77.21428571428571
85,Coastal Carolina Chanticleers,"Conway, South Carolina",coastal-carolina/,203.6153846153846,76.61538461538461,202.28571428571428,76.35714285714286
86,Colgate Raiders,"Hamilton, New York",colgate/,194.26666666666668,76.06666666666666,196.64705882352942,76.47058823529412
87,College of Charleston Cougars,"Charleston, South Carolina",college-of-charleston/,218.15384615384616,77.53846153846153,215.5,77.16666666666667
89,Colorado Buffaloes,"Boulder, Colorado",colorado/,203.92857142857142,76.78571428571429,202.53846153846155,77.07692307692308
92,Colorado State Rams,"Fort Collins, Colorado",colorado-state/,196.27272727272728,77.18181818181819,200.0909090909091,77.0909090909091
93,Columbia Lions,"New York, New York",columbia/,202.7058823529412,77.17647058823529,204.3125,77.5
95,Connecticut Huskies,"Storrs, Connecticut",connecticut/,208.35714285714286,77.92857142857143,204.0,77.85714285714286
96,Coppin State Eagles,"Baltimore, Maryland",coppin-state/,200.76923076923077,76.92307692307692,193.46153846153845,76.6923076923077
97,Cornell Big Red,"Ithaca, New York",cornell/,194.58823529411765,76.0,196.2,75.93333333333334
99,Creighton Bluejays,"Omaha, Nebraska",creighton/,203.3846153846154,77.0,203.57142857142858,77.14285714285714
102,Dartmouth Big Green,"Hanover, New Hampshire",dartmouth/,202.5,76.66666666666667,203.92857142857142,76.57142857142857
103,Davidson Wildcats,"Davidson, North Carolina",davidson/,198.46153846153845,75.6923076923077,199.7058823529412,76.29411764705883
105,Dayton Flyers,"Dayton, Ohio",dayton/,198.86666666666667,76.93333333333334,197.0,76.33333333333333
106,Delaware Fightin' Blue Hens,"Newark, Delaware",delaware/,201.66666666666666,76.75,203.75,77.08333333333333
107,Delaware State Hornets,"Dover, Delaware",delaware-state/,206.7058823529412,76.58823529411765,204.5,76.375
109,Denver Pioneers,"Denver, Colorado",denver/,203.92857142857142,76.85714285714286,201.8,76.53333333333333
110,DePaul Blue Demons,"Chicago, Illinois",depaul/,209.4375,77.875,208.6153846153846,77.46153846153847
112,Detroit Mercy Titans,"Detroit, Michigan",detroit-mercy/,201.58333333333334,76.16666666666667,201.23076923076923,76.23076923076923
114,Drake Bulldogs,"Des Moines, Iowa",drake/,206.75,77.16666666666667,204.84615384615384,77.53846153846153
115,Drexel Dragons,"Philadelphia, Pennsylvania",drexel/,203.75,77.41666666666667,203.33333333333334,76.66666666666667
116,Duke Blue Devils,"Durham, North Carolina",duke/,217.0,79.16666666666667,217.0,79.4
117,Duquesne Dukes,"Pittsburgh, Pennsylvania",duquesne/,207.1875,77.0625,207.73333333333332,76.86666666666666
118,East Carolina Pirates,"Greenville, North Carolina",east-carolina/,202.66666666666666,77.06666666666666,201.42857142857142,77.78571428571429
120,East Tennessee State Buccaneers,"Johnson City, Tennessee",east-tennessee-state/,201.76923076923077,76.6923076923077,194.30769230769232,76.3076923076923
121,Eastern Illinois Panthers,"Charleston, Illinois",eastern-illinois/,201.66666666666666,76.66666666666667,198.46153846153845,76.0
122,Eastern Kentucky Colonels,"Richmond, Kentucky",eastern-kentucky/,193.66666666666666,75.46666666666667,190.14285714285714,75.28571428571429
123,Eastern Michigan Eagles,"Ypsilanti, Michigan",eastern-michigan/,186.84615384615384,76.46153846153847,206.58333333333334,78.83333333333333
124,Eastern Washington Eagles,"Cheney, Washington",eastern-washington/,199.28571428571428,76.5,198.92857142857142,77.28571428571429
126,Elon Phoenix,"Elon, North Carolina",elon/,208.33333333333334,77.55555555555556,207.0,77.4
128,Evansville Purple Aces,"Evansville, Indiana",evansville/,206.91666666666666,76.91666666666667,207.36363636363637,77.63636363636364
129,Fairfield Stags,"Fairfield, Connecticut",fairfield/,203.66666666666666,76.8,202.5,75.58333333333333
130,Fairleigh Dickinson Knights,"Teaneck, New Jersey",fairleigh-dickinson/,202.92307692307693,75.84615384615384,200.71428571428572,76.21428571428571
131,Florida A&M Rattlers,"Tallahassee, Florida",florida-am/,194.66666666666666,75.93333333333334,200.0,77.07142857142857
132,Florida Atlantic Owls,"Boca Raton, Florida",florida-atlantic/,209.83333333333334,77.91666666666667,204.15384615384616,77.46153846153847
133,Florida Gators,"Gainesville, Florida",florida/,207.93333333333334,77.73333333333333,209.75,78.41666666666667
134,Florida Gulf Coast Eagles,"Fort Myers, Florida",florida-gulf-coast/,202.0,76.78571428571429,196.73333333333332,76.2
135,Florida International Panthers,"Miami, Florida",florida-international/,200.16666666666666,78.0,201.76923076923077,78.07692307692308
136,Florida State Seminoles,"Tallahassee, Florida",florida-state/,215.5,79.58333333333333,219.23076923076923,79.3076923076923
137,Fordham Rams,"Bronx, New York",fordham/,198.86666666666667,75.2,200.6,76.66666666666667
139,Fresno State Bulldogs,"Fresno, California",fresno-state/,207.0,76.76923076923077,207.3846153846154,77.3076923076923
140,Furman Paladins,"Greenville, South Carolina",furman/,195.5,76.07142857142857,194.3846153846154,75.38461538461539
141,Gardner-Webb Runnin' Bulldogs,"Boiling Springs, North Carolina",gardner-webb/,209.16666666666666,76.5,206.42857142857142,76.35714285714286
143,George Mason Patriots,"Fairfax, Virginia",george-mason/,205.84615384615384,76.84615384615384,203.76923076923077,76.38461538461539
144,George Washington Colonials,"Washington, D.C.",george-washington/,202.58333333333334,77.5,213.23076923076923,77.84615384615384
145,Georgetown Hoyas,"Washington, D.C.",georgetown/,222.5,78.83333333333333,219.26666666666668,78.6
147,Georgia Bulldogs,"Athens, Georgia",georgia/,210.3846153846154,77.38461538461539,206.07142857142858,76.92857142857143
148,Georgia Southern Eagles,"Statesboro, Georgia",georgia-southern/,198.66666666666666,76.06666666666666,192.46666666666667,75.53333333333333
149,Georgia State Panthers,"Atlanta, Georgia",georgia-state/,196.53846153846155,76.0,200.92857142857142,76.35714285714286
150,Georgia Tech Yellow Jackets,"Atlanta, Georgia",georgia-tech/,212.16666666666666,76.58333333333333,201.93333333333334,77.86666666666666
152,Gonzaga Bulldogs,"Spokane, Washington",gonzaga/,211.0,78.0,214.5,78.64285714285714
153,Grambling Tigers,"Grambling, Louisiana",grambling/,177.85714285714286,76.64285714285714,193.33333333333334,75.4
154,Grand Canyon Antelopes,"Phoenix, Arizona",grand-canyon/,206.92307692307693,76.84615384615384,191.0,76.0
155,Green Bay Phoenix,"Green Bay, Wisconsin",green-bay/,205.5,77.33333333333333,207.30769230769232,77.3076923076923
159,Hampton Pirates,"Hampton, Virginia",hampton/,199.92857142857142,76.14285714285714,191.13333333333333,75.93333333333334
161,Hartford Hawks,"West Hartford, Connecticut",hartford/,194.35714285714286,76.21428571428571,201.6153846153846,77.3076923076923
162,Harvard Crimson,"Boston, Massachusetts",harvard/,204.0625,77.3125,202.0,76.9
164,Hawaii Rainbow Warriors,"Honolulu, Hawaii",hawaii/,189.64285714285714,75.64285714285714,194.6153846153846,76.53846153846153
165,High Point Panthers,"High Point, North Carolina",high-point/,200.33333333333334,76.2,198.41666666666666,76.16666666666667
168,Hofstra Pride,"Hempstead, New York",hofstra/,208.88888888888889,76.77777777777777,206.53846153846155,76.84615384615384
169,Holy Cross Crusaders,"Worcester, Massachusetts",holy-cross/,199.2,76.06666666666666,194.73333333333332,75.8
171,Houston Baptist Huskies,"Houston, Texas",houston-baptist/,203.125,76.5,198.33333333333334,76.2
172,Houston Cougars,"Houston, Texas",houston/,200.30769230769232,77.46153846153847,200.83333333333334,77.25
173,Howard Bison,"Washington, D.C.",howard/,185.0,74.9375,192.0,76.13333333333334
174,Idaho State Bengals,"Pocatello, Idaho",idaho-state/,198.71428571428572,76.64285714285714,195.0,76.58333333333333
175,Idaho Vandals,"Moscow, Idaho",idaho/,204.92857142857142,77.5,196.06666666666666,76.26666666666667
176,Illinois Fighting Illini,"Champaign, Illinois",illinois/,211.15384615384616,78.07692307692308,209.0,77.46666666666667
177,Illinois State Redbirds,"Normal, Illinois",illinois-state/,204.0,77.16666666666667,196.66666666666666,77.25
179,Illinois-Chicago Flames,"Chicago, Illinois",illinois-chicago/,201.42857142857142,77.07142857142857,202.5,77.25
180,Incarnate Word Cardinals,"San Antonio, Texas",incarnate-word/,198.8181818181818,76.63636363636364,198.0,77.42857142857143
181,Indiana Hoosiers,"Bloomington, Indiana",indiana/,208.4,77.4,207.64285714285714,77.64285714285714
182,Indiana State Sycamores,"Terre Haute, Indiana",indiana-state/,208.5,76.41666666666667,213.53846153846155,76.84615384615384
183,Iona Gaels,"New Rochelle, New York",iona/,194.28571428571428,76.78571428571429,201.83333333333334,76.91666666666667
184,Iowa Hawkeyes,"Iowa City, Iowa",iowa/,202.93333333333334,78.13333333333334,210.71428571428572,78.5
185,Iowa State Cyclones,"Ames, Iowa",iowa-state/,213.41666666666666,78.0,209.23076923076923,77.46153846153847
186,IUPUI Jaguars,"Indianapolis, Indiana",iupui/,194.58333333333334,76.41666666666667,201.15384615384616,76.38461538461539
187,Jackson State Tigers,"Jackson, Mississippi",jackson-state/,184.55555555555554,74.38888888888889,191.0,76.11764705882354
189,Jacksonville Dolphins,"Jacksonville, Florida",jacksonville/,195.3846153846154,75.61538461538461,193.07692307692307,76.23076923076923
190,Jacksonville State Gamecocks,"Jacksonville, Alabama",jacksonville-state/,196.46666666666667,76.6,199.0,76.07692307692308
191,James Madison Dukes,"Harrisonburg, Virginia",james-madison/,200.0,77.61538461538461,205.0,77.58333333333333
194,Kansas Jayhawks,"Lawrence, Kansas",kansas/,206.46666666666667,78.06666666666666,207.07692307692307,78.15384615384616
195,Kansas State Wildcats,"Manhattan, Kansas",kansas-state/,209.23076923076923,77.23076923076923,208.93333333333334,77.46666666666667
196,Kennesaw State Owls,"Kennesaw, Georgia",kennesaw-state/,197.0,77.0,199.0,77.57142857142857
197,Kent State Golden Flashes,"Kent, Ohio",kent-state/,199.83333333333334,76.08333333333333,201.35714285714286,76.5
199,Kentucky Wildcats,"Lexington, Kentucky",kentucky/,207.3846153846154,77.38461538461539,209.92857142857142,77.64285714285714
200,La Salle Explorers,"Philadelphia, Pennsylvania",la-salle/,191.36363636363637,75.81818181818181,196.0,76.33333333333333
201,Lafayette Leopards,"Easton, Pennsylvania",lafayette/,199.3846153846154,77.53846153846153,198.15384615384616,76.53846153846153
203,Lamar Cardinals,"Beaumont, Texas",lamar/,194.28571428571428,76.21428571428571,198.3846153846154,75.53846153846153
206,Lehigh Mountain Hawks,"Bethlehem, Pennsylvania",lehigh/,191.0,75.8,196.63636363636363,76.45454545454545
208,Liberty Flames,"Lynchburg, Virginia",liberty/,187.5,75.25,192.5,75.5
210,Lipscomb Bisons,"Nashville, Tennessee",lipscomb/,205.14285714285714,77.21428571428571,201.36363636363637,76.72727272727273
211,Little Rock Trojans,"Little Rock, Arkansas",arkansas-little-rock/,205.0,76.46666666666667,204.21428571428572,76.0
212,Long Island University Sharks,"Brooklyn, New York",long-island-university/,198.07692307692307,77.0,192.33333333333334,75.66666666666667
213,Longwood Lancers,"Farmville, Virginia",longwood/,196.66666666666666,75.66666666666667,195.45454545454547,76.45454545454545
214,Louisiana Ragin' Cajuns,"Lafayette, Louisiana",louisiana-lafayette/,197.33333333333334,75.6,208.84615384615384,76.15384615384616
215,Louisiana State Fighting Tigers,"Baton Rouge, Louisiana",louisiana-state/,211.42857142857142,77.78571428571429,211.46666666666667,77.73333333333333
216,Louisiana Tech Bulldogs,"Ruston, Louisiana",louisiana-tech/,199.92307692307693,77.76923076923077,202.30769230769232,77.53846153846153
217,Louisiana-Monroe Warhawks,"Monroe, Louisiana",louisiana-monroe/,195.9090909090909,75.72727272727273,196.66666666666666,76.0
218,Louisville Cardinals,"Louisville, Kentucky",louisville/,200.0,78.5,200.71428571428572,77.78571428571429
219,Loyola (IL) Ramblers,"Chicago, Illinois",loyola-il/,201.15384615384616,76.84615384615384,196.58823529411765,76.52941176470588
221,Loyola (MD) Greyhounds,"Baltimore, Maryland",loyola-md/,196.42857142857142,76.28571428571429,194.92857142857142,76.14285714285714
222,Loyola Marymount Lions,"Los Angeles, California",loyola-marymount/,205.91666666666666,76.66666666666667,211.53846153846155,77.76923076923077
224,Maine Black Bears,"Orono, Maine",maine/,195.4375,75.5625,192.64285714285714,74.85714285714286
226,Manhattan Jaspers,"Riverdale, New York",manhattan/,196.15384615384616,76.3076923076923,203.69230769230768,76.76923076923077
228,Marist Red Foxes,"Poughkeepsie, New York",marist/,202.0,77.6,206.8181818181818,77.45454545454545
229,Marquette Golden Eagles,"Milwaukee, Wisconsin",marquette/,206.66666666666666,77.41666666666667,200.0,76.23076923076923
231,Marshall Thundering Herd,"Huntington, West Virginia",marshall/,205.66666666666666,77.06666666666666,201.35714285714286,76.78571428571429
232,Maryland Terrapins,"College Park, Maryland",maryland/,205.92857142857142,77.42857142857143,204.84615384615384,77.07692307692308
233,Maryland-Baltimore County Retrievers,"Baltimore, Maryland",maryland-baltimore-county/,193.21428571428572,76.5,191.66666666666666,75.6
234,Maryland-Eastern Shore Hawks,"Princess Anne, Maryland",maryland-eastern-shore/,204.4,75.86666666666666,192.46666666666667,75.86666666666666
236,Massachusetts Minutemen,"Amherst, Massachusetts",massachusetts/,212.23076923076923,77.15384615384616,208.57142857142858,78.07142857142857
237,Massachusetts-Lowell River Hawks,"Lowell, Massachusetts",massachusetts-lowell/,187.5,75.08333333333333,195.41666666666666,76.83333333333333
238,McNeese State Cowboys,"Lake Charles, Louisiana",mcneese-state/,196.6153846153846,76.46153846153847,198.8181818181818,76.81818181818181
239,Memphis Tigers,"Memphis, Tennessee",memphis/,205.75,76.875,196.6153846153846,76.38461538461539
240,Mercer Bears,"Macon, Georgia",mercer/,205.53333333333333,77.6,198.71428571428572,76.78571428571429
243,Miami (FL) Hurricanes,"Coral Gables, Florida",miami-fl/,208.33333333333334,77.66666666666667,208.1818181818182,78.0909090909091
244,Miami (OH) RedHawks,"Oxford, Ohio",miami-oh/,194.13333333333333,77.06666666666666,203.6153846153846,77.53846153846153
245,Michigan State Spartans,"East Lansing, Michigan",michigan-state/,214.0625,77.4375,206.15384615384616,76.38461538461539
246,Michigan Wolverines,"Ann Arbor, Michigan",michigan/,204.23076923076923,77.92307692307692,205.6153846153846,77.84615384615384
247,Middle Tennessee Blue Raiders,"Murfreesboro, Tennessee",middle-tennessee/,206.91666666666666,76.66666666666667,203.35714285714286,76.28571428571429
250,Milwaukee Panthers,"Milwaukee, Wisconsin",milwaukee/,202.6875,77.0,202.93333333333334,76.2
253,Minnesota Golden Gophers,"Minneapolis, Minnesota",minnesota/,201.92307692307693,77.07692307692308,213.0,77.71428571428571
254,Mississippi Rebels,"University, Mississippi",mississippi/,206.0,76.84615384615384,206.5,77.33333333333333
255,Mississippi State Bulldogs,"Mississippi State, Mississippi",mississippi-state/,204.8,77.46666666666667,203.42857142857142,77.35714285714286
256,Mississippi Valley State Delta Devils,"Itta Bena, Mississippi",mississippi-valley-state/,201.5625,76.25,192.5,76.9375
257,Missouri State Bears,"Springfield, Missouri",missouri-state/,204.23076923076923,76.6923076923077,198.85714285714286,77.0
258,Missouri Tigers,"Columbia, Missouri",missouri/,206.23076923076923,76.3076923076923,205.06666666666666,77.4
259,Missouri-Kansas City Kangaroos,"Kansas City, Missouri",missouri-kansas-city/,206.42857142857142,76.85714285714286,201.78571428571428,75.64285714285714
260,Monmouth Hawks,"West Long Branch, New Jersey",monmouth/,208.84615384615384,76.23076923076923,206.92307692307693,76.92307692307692
261,Montana Grizzlies,"Missoula, Montana",montana/,195.45454545454547,76.54545454545455,190.46153846153845,75.6923076923077
262,Montana State Bobcats,"Bozeman, Montana",montana-state/,203.33333333333334,77.16666666666667,193.84615384615384,76.84615384615384
263,Morehead State Eagles,"Morehead, Kentucky",morehead-state/,198.85714285714286,76.14285714285714,194.57142857142858,76.35714285714286
264,Morgan State Bears,"Baltimore, Maryland",morgan-state/,188.46153846153845,75.07692307692308,196.92307692307693,77.15384615384616
266,Mount St. Mary's Mountaineers,"Emmitsburg, Maryland",mount-st-marys/,189.58333333333334,75.91666666666667,194.6153846153846,75.76923076923077
269,Murray State Racers,"Murray, Kentucky",murray-state/,205.27272727272728,76.27272727272727,206.36363636363637,76.54545454545455
271,Navy Midshipmen,"Annapolis, Maryland",navy/,200.05555555555554,75.55555555555556,200.44444444444446,75.72222222222223
273,Nebraska Cornhuskers,"Lincoln, Nebraska",nebraska/,208.92857142857142,76.85714285714286,214.06666666666666,77.6
275,Nevada Wolf Pack,"Reno, Nevada",nevada/,203.23076923076923,77.6923076923077,208.07142857142858,77.07142857142857
276,Nevada-Las Vegas Rebels,"Las Vegas, Nevada",nevada-las-vegas/,201.86666666666667,78.0,202.28571428571428,77.85714285714286
277,New Hampshire Wildcats,"Durham, New Hampshire",new-hampshire/,201.72727272727272,76.54545454545455,206.0909090909091,76.36363636363636
278,New Mexico Lobos,"Albuquerque, New Mexico",new-mexico/,204.3125,77.9375,202.57142857142858,77.71428571428571
279,New Mexico State Aggies,"Las Cruces, New Mexico",new-mexico-state/,206.69230769230768,78.23076923076923,205.84615384615384,77.92307692307692
280,New Orleans Privateers,"New Orleans, Louisiana",new-orleans/,196.66666666666666,75.73333333333333,198.26666666666668,75.66666666666667
283,Niagara Purple Eagles,"Niagara University, New York",niagara/,198.08333333333334,76.66666666666667,188.41666666666666,75.91666666666667
284,Nicholls State Colonels,"Thibodaux, Louisiana",nicholls-state/,190.76923076923077,75.46153846153847,183.33333333333334,75.16666666666667
285,NJIT Highlanders,"Newark, New Jersey",njit/,196.33333333333334,75.46666666666667,199.64285714285714,76.28571428571429
286,Norfolk State Spartans,"Norfolk, Virginia",norfolk-state/,196.25,76.91666666666667,207.91666666666666,77.41666666666667
288,North Carolina A&T Aggies,"Greensboro, North Carolina",north-carolina-at/,201.58823529411765,76.94117647058823,200.57142857142858,76.57142857142857
289,North Carolina Central Eagles,"Durham, North Carolina",north-carolina-central/,195.06666666666666,75.86666666666666,199.6153846153846,75.38461538461539
290,North Carolina State Wolfpack,"Raleigh, North Carolina",north-carolina-state/,214.16666666666666,77.83333333333333,218.42857142857142,78.28571428571429
291,North Carolina Tar Heels,"Chapel Hill, North Carolina",north-carolina/,210.0625,76.8125,206.0,77.06666666666666
292,North Carolina-Asheville Bulldogs,"Asheville, North Carolina",north-carolina-asheville/,199.84615384615384,76.92307692307692,198.23076923076923,77.07692307692308
294,North Carolina-Greensboro Spartans,"Greensboro, North Carolina",north-carolina-greensboro/,207.42857142857142,76.21428571428571,203.73333333333332,76.93333333333334
295,North Carolina-Wilmington Seahawks,"Wilmington, North Carolina",north-carolina-wilmington/,210.07142857142858,77.64285714285714,204.66666666666666,76.25
297,North Dakota Fighting Hawks,"Grand Forks, North Dakota",north-dakota/,200.71428571428572,77.21428571428571,202.33333333333334,77.08333333333333
298,North Dakota State Bison,"Fargo, North Dakota",north-dakota-state/,207.30769230769232,77.38461538461539,202.16666666666666,77.16666666666667
299,North Florida Ospreys,"Jacksonville, Florida",north-florida/,197.0,76.0909090909091,194.3846153846154,76.15384615384616
300,North Texas Mean Green,"Denton, Texas",north-texas/,200.92857142857142,76.14285714285714,200.2,76.66666666666667
301,Northeastern Huskies,"Boston, Massachusetts",northeastern/,208.6153846153846,78.23076923076923,212.54545454545453,78.45454545454545
303,Northern Arizona Lumberjacks,"Flagstaff, Arizona",northern-arizona/,198.05882352941177,76.05882352941177,201.88888888888889,76.88888888888889
304,Northern Colorado Bears,"Greeley, Colorado",northern-colorado/,190.0,76.07692307692308,196.92307692307693,76.53846153846153
305,Northern Illinois Huskies,"De Kalb, Illinois",northern-illinois/,202.33333333333334,76.2,209.0,76.6923076923077
306,Northern Iowa Panthers,"Cedar Falls, Iowa",northern-iowa/,202.2,76.8,202.57142857142858,77.07142857142857
307,Northern Kentucky Norse,"Highland Heights, Kentucky",northern-kentucky/,206.78571428571428,75.92857142857143,202.46666666666667,76.06666666666666
309,Northwestern State Demons,"Natchitoches, Louisiana",northwestern-state/,192.0,75.73333333333333,201.14285714285714,76.78571428571429
310,Northwestern Wildcats,"Evanston, Illinois",northwestern/,215.33333333333334,78.5,208.41666666666666,78.0
311,Notre Dame Fighting Irish,"Notre Dame, Indiana",notre-dame/,213.92307692307693,78.0,218.23076923076923,78.38461538461539
312,Oakland Golden Grizzlies,"Rochester, Michigan",oakland/,212.72727272727272,77.27272727272727,197.0909090909091,76.27272727272727
315,Ohio Bobcats,"Athens, Ohio",ohio/,205.35714285714286,78.0,205.93333333333334,77.66666666666667
316,Ohio State Buckeyes,"Columbus, Ohio",ohio-state/,201.5,77.5,201.91666666666666,77.66666666666667
319,Oklahoma Sooners,"Norman, Oklahoma",oklahoma/,207.66666666666666,77.6,206.8,77.53333333333333
320,Oklahoma State Cowboys,"Stillwater, Oklahoma",oklahoma-state/,210.9375,77.5,207.66666666666666,77.13333333333334
321,Old Dominion Monarchs,"Norfolk, Virginia",old-dominion/,208.16666666666666,76.91666666666667,203.64285714285714,76.71428571428571
322,Omaha Mavericks,"Omaha, Nebraska",nebraska-omaha/,196.15384615384616,75.84615384615384,197.91666666666666,76.08333333333333
323,Oral Roberts Golden Eagles,"Tulsa, Oklahoma",oral-roberts/,204.28571428571428,76.42857142857143,205.76923076923077,76.53846153846153
324,Oregon Ducks,"Eugene, Oregon",oregon/,190.86666666666667,76.46666666666667,195.41666666666666,77.0
325,Oregon State Beavers,"Corvallis, Oregon",oregon-state/,214.86666666666667,78.93333333333334,212.53846153846155,78.6923076923077
326,Pacific Tigers,"Stockton, California",pacific/,199.64285714285714,76.57142857142857,196.66666666666666,76.93333333333334
327,Penn State Nittany Lions,"University Park, Pennsylvania",penn-state/,211.63636363636363,77.63636363636364,212.30769230769232,77.6923076923077
328,Pennsylvania Quakers,"Philadelphia, Pennsylvania",pennsylvania/,198.23529411764707,76.23529411764706,198.61111111111111,76.72222222222223
329,Pepperdine Waves,"Malibu, California",pepperdine/,205.9375,76.375,206.78571428571428,76.42857142857143
332,Pittsburgh Panthers,"Pittsburgh, Pennsylvania",pittsburgh/,208.42857142857142,78.21428571428571,216.3846153846154,78.46153846153847
333,Portland Pilots,"Portland, Oregon",portland/,198.15384615384616,77.38461538461539,195.76923076923077,77.3076923076923
334,Portland State Vikings,"Portland, Oregon",portland-state/,195.5,76.35714285714286,196.78571428571428,76.35714285714286
336,Prairie View Panthers,"Prairie View, Texas",prairie-view/,198.23529411764707,75.94117647058823,193.89473684210526,75.94736842105263
338,Presbyterian Blue Hose,"Clinton, South Carolina",presbyterian/,202.66666666666666,74.86666666666666,198.33333333333334,75.26666666666667
339,Princeton Tigers,"Princeton, New Jersey",princeton/,193.46666666666667,76.53333333333333,199.4,76.95
340,Providence Friars,"Providence, Rhode Island",providence/,204.76923076923077,76.92307692307692,205.0,77.38461538461539
341,Purdue Boilermakers,"West Lafayette, Indiana",purdue/,218.76923076923077,78.38461538461539,210.33333333333334,76.08333333333333
342,Purdue-Fort Wayne Mastodons,"Fort Wayne, Indiana",ipfw/,185.0,76.25,203.66666666666666,76.16666666666667
343,Quinnipiac Bobcats,"Hamden, Connecticut",quinnipiac/,205.66666666666666,77.2,201.21428571428572,77.28571428571429
344,Radford Highlanders,"Radford, Virginia",radford/,196.42857142857142,75.28571428571429,202.08333333333334,75.75
347,Rhode Island Rams,"Kingston, Rhode Island",rhode-island/,211.07692307692307,76.92307692307692,208.35714285714286,76.5
348,Rice Owls,"Houston, Texas",rice/,201.8181818181818,77.0909090909091,205.3125,77.4375
349,Richmond Spiders,"Richmond, Virginia",richmond/,196.78571428571428,76.35714285714286,207.64285714285714,76.57142857142857
350,Rider Broncs,"Lawrenceville, New Jersey",rider/,205.0,77.0,203.4,76.2
353,Robert Morris Colonials,"Moon Township, Pennsylvania",robert-morris/,197.28571428571428,75.57142857142857,201.53846153846155,76.38461538461539
357,Rutgers Scarlet Knights,"New Brunswick, New Jersey",rutgers/,197.0,75.53846153846153,212.6875,77.1875
358,Sacramento State Hornets,"Sacramento, California",sacramento-state/,202.33333333333334,76.5,201.3846153846154,76.0
359,Sacred Heart Pioneers,"Fairfield, Connecticut",sacred-heart/,203.53846153846155,77.3076923076923,200.23076923076923,76.6923076923077
360,Saint Francis (PA) Red Flash,"Loretto, Pennsylvania",saint-francis-pa/,199.26666666666668,75.66666666666667,201.125,75.875
361,Saint Joseph's Hawks,"Philadelphia, Pennsylvania",saint-josephs/,210.125,76.875,208.0,76.5625
362,Saint Louis Billikens,"St. Louis, Missouri",saint-louis/,205.07692307692307,77.15384615384616,205.0,77.9090909090909
363,Saint Mary's (CA) Gaels,"Moraga, California",saint-marys-ca/,212.08333333333334,77.5,210.41666666666666,77.83333333333333
364,Saint Peter's Peacocks,"Jersey City, New Jersey",saint-peters/,196.0,76.3076923076923,190.66666666666666,75.91666666666667
365,Sam Houston State Bearkats,"Huntsville, Texas",sam-houston-state/,199.4,75.93333333333334,196.23076923076923,75.84615384615384
366,Samford Bulldogs,"Birmingham, Alabama",samford/,197.84615384615384,76.6923076923077,198.46153846153845,76.76923076923077
367,San Diego State Aztecs,"San Diego, California",san-diego-state/,205.0,78.07692307692308,206.25,78.16666666666667
368,San Diego Toreros,"San Diego, California",san-diego/,208.0,77.3076923076923,196.25,76.5
369,San Francisco Dons,"San Francisco, California",san-francisco/,195.86666666666667,76.4,199.71428571428572,77.35714285714286
370,San Jose State Spartans,"San Jose, California",san-jose-state/,209.84615384615384,78.46153846153847,202.15384615384616,78.0
371,Santa Clara Broncos,"Santa Clara, California",santa-clara/,205.23076923076923,77.23076923076923,208.33333333333334,77.6
373,Savannah State Tigers,"Savannah, Georgia",savannah-state/,200.0,76.33333333333333,193.33333333333334,76.26666666666667
375,Seattle Redhawks,"Seattle, Washington",seattle/,203.63636363636363,77.81818181818181,198.84615384615384,77.46153846153847
376,Seton Hall Pirates,"South Orange, New Jersey",seton-hall/,207.30769230769232,77.92307692307692,199.0,76.73333333333333
379,Siena Saints,"Loudonville, New York",siena/,205.71428571428572,77.35714285714286,212.15384615384616,77.92307692307692
380,South Alabama Jaguars,"Mobile, Alabama",south-alabama/,195.08333333333334,76.25,205.0,77.46153846153847
381,South Carolina Gamecocks,"Columbia, South Carolina",south-carolina/,211.66666666666666,77.73333333333333,211.5625,77.375
382,South Carolina State Bulldogs,"Orangeburg, South Carolina",south-carolina-state/,195.83333333333334,76.91666666666667,190.33333333333334,75.66666666666667
383,South Carolina Upstate Spartans,"Spartanburg, South Carolina",south-carolina-upstate/,198.71428571428572,77.07142857142857,193.33333333333334,76.5
384,South Dakota Coyotes,"Vermillion, South Dakota",south-dakota/,203.57142857142858,77.14285714285714,205.3846153846154,77.15384615384616
385,South Dakota State Jackrabbits,"Brookings, South Dakota",south-dakota-state/,205.0,77.07142857142857,203.92857142857142,76.28571428571429
386,South Florida Bulls,"Tampa, Florida",south-florida/,206.91666666666666,77.33333333333333,204.6153846153846,77.46153846153847
387,Southeast Missouri State Redhawks,"Cape Girardeau, Missouri",southeast-missouri-state/,196.07692307692307,76.6923076923077,192.92857142857142,75.92857142857143
388,Southeastern Louisiana Lions,"Hammond, Louisiana",southeastern-louisiana/,196.14285714285714,75.28571428571429,190.23076923076923,75.07692307692308
389,Southern California Trojans,"Los Angeles, California",southern-california/,207.08333333333334,79.33333333333333,203.46153846153845,78.23076923076923
390,Southern Illinois Salukis,"Carbondale, Illinois",southern-illinois/,202.73333333333332,76.4,198.07692307692307,76.53846153846153
391,Southern Illinois-Edwardsville Cougars,"Edwardsville, Illinois",southern-illinois-edwardsville/,200.41666666666666,76.83333333333333,202.69230769230768,77.3076923076923
392,Southern Jaguars,"Baton Rouge, Louisiana",southern/,200.0,77.15384615384616,192.85714285714286,77.0
393,Southern Methodist Mustangs,"Dallas, Texas",southern-methodist/,200.0,76.0,204.16666666666666,78.08333333333333
394,Southern Mississippi Golden Eagles,"Hattiesburg, Mississippi",southern-mississippi/,199.45454545454547,76.63636363636364,195.92857142857142,75.5
395,Southern Utah Thunderbirds,"Cedar City, Utah",southern-utah/,199.64285714285714,76.28571428571429,201.07142857142858,77.14285714285714
400,St. Bonaventure Bonnies,"St. Bonaventure, New York",st-bonaventure/,203.0,76.7,202.66666666666666,77.33333333333333
401,St. Francis (NY) Terriers,"Brooklyn Heights, New York",st-francis-ny/,193.92857142857142,76.07142857142857,193.75,75.41666666666667
402,St. John's (NY) Red Storm,"Queens, New York",st-johns-ny/,205.0,77.91666666666667,197.28571428571428,77.42857142857143
405,Stanford Cardinal,"Stanford, California",stanford/,203.33333333333334,77.53333333333333,201.53333333333333,77.46666666666667
406,Stephen F. Austin Lumberjacks,"Nacogdoches, Texas",stephen-f-austin/,202.07692307692307,76.07692307692308,201.28571428571428,77.14285714285714
407,Stetson Hatters,"DeLand, Florida",stetson/,203.75,76.16666666666667,203.46153846153845,76.76923076923077
409,Stony Brook Seawolves,"Stony Brook, New York",stony-brook/,205.0,77.0,200.76923076923077,77.23076923076923
412,Syracuse Orange,"Syracuse, New York",syracuse/,195.75,75.8125,196.94117647058823,75.88235294117646
413,Temple Owls,"Philadelphia, Pennsylvania",temple/,209.58333333333334,78.41666666666667,200.76923076923077,77.84615384615384
414,Tennessee State Tigers,"Nashville, Tennessee",tennessee-state/,204.78571428571428,76.42857142857143,207.85714285714286,76.78571428571429
415,Tennessee Tech Golden Eagles,"Cookeville, Tennessee",tennessee-tech/,195.3846153846154,75.76923076923077,199.25,76.91666666666667
416,Tennessee Volunteers,"Knoxville, Tennessee",tennessee/,205.6153846153846,77.38461538461539,201.57142857142858,76.78571428571429
417,Tennessee-Martin Skyhawks,"Martin, Tennessee",tennessee-martin/,201.35714285714286,76.92857142857143,193.76923076923077,77.38461538461539
418,Texas A&M Aggies,"College Station, Texas",texas-am/,202.66666666666666,77.2,203.06666666666666,76.46666666666667
420,Texas A&M-Corpus Christi Islanders,"Corpus Christi, Texas",texas-am-corpus-christi/,200.33333333333334,76.66666666666667,199.57142857142858,76.46153846153847
421,Texas Christian Horned Frogs,"Fort Worth, Texas",texas-christian/,207.72727272727272,77.45454545454545,206.78571428571428,77.35714285714286
422,Texas Longhorns,"Austin, Texas",texas/,214.8,77.06666666666666,210.3846153846154,77.3076923076923
423,Texas Southern Tigers,"Houston, Texas",texas-southern/,206.07142857142858,76.42857142857143,192.30769230769232,75.07692307692308
424,Texas State Bobcats,"San Marcos, Texas",texas-state/,197.64285714285714,76.14285714285714,196.15384615384616,76.07692307692308
425,Texas Tech Red Raiders,"Lubbock, Texas",texas-tech/,205.46666666666667,77.53333333333333,207.16666666666666,77.08333333333333
427,Texas-Arlington Mavericks,"Arlington, Texas",texas-arlington/,196.6153846153846,76.38461538461539,197.73333333333332,76.46666666666667
428,Texas-El Paso Miners,"El Paso, Texas",texas-el-paso/,201.06666666666666,78.0,195.73333333333332,77.06666666666666
429,Texas-Rio Grande Valley Vaqueros,"Edinburg, Texas",texas-pan-american/,200.76923076923077,76.6923076923077,189.125,76.0625
430,Texas-San Antonio Roadrunners,"San Antonio, Texas",texas-san-antonio/,194.28571428571428,76.64285714285714,198.93333333333334,76.8
431,Toledo Rockets,"Toledo, Ohio",toledo/,205.0,77.36363636363636,203.6153846153846,76.92307692307692
432,Towson Tigers,"Towson, Maryland",towson/,212.54545454545453,77.27272727272727,210.25,77.16666666666667
435,Troy Trojans,"Troy, Alabama",troy/,199.23076923076923,76.0,202.53846153846155,77.07692307692308
436,Tulane Green Wave,"New Orleans, Louisiana",tulane/,216.92307692307693,77.6923076923077,202.5,76.28571428571429
437,Tulsa Golden Hurricane,"Tulsa, Oklahoma",tulsa/,202.25,76.66666666666667,202.8,77.2
439,UC-Davis Aggies,"Davis, California",california-davis/,206.0,77.18181818181819,201.3846153846154,76.23076923076923
441,UC-Irvine Anteaters,"Irvine, California",california-irvine/,211.23076923076923,78.0,207.07692307692307,76.84615384615384
442,UC-Riverside Highlanders,"Riverside, California",california-riverside/,200.3846153846154,76.92307692307692,198.75,77.0
443,UC-Santa Barbara Gauchos,"Santa Barbara, California",california-santa-barbara/,196.75,76.4375,210.0,77.75
444,UCLA Bruins,"Los Angeles, California",ucla/,209.6153846153846,78.3076923076923,205.76923076923077,77.92307692307692
446,University of California Golden Bears,"Berkeley, California",california/,206.53333333333333,77.86666666666666,205.71428571428572,77.92857142857143
447,Utah State Aggies,"Logan, Utah",utah-state/,210.5,77.0,207.16666666666666,77.5
448,Utah Utes,"Salt Lake City, Utah",utah/,199.93333333333334,77.66666666666667,204.71428571428572,78.35714285714286
449,Utah Valley Wolverines,"Orem, Utah",utah-valley/,195.71428571428572,76.0,198.23076923076923,76.76923076923077
451,Valparaiso Crusaders,"Valparaiso, Indiana",valparaiso/,206.0,77.07692307692308,207.30769230769232,77.23076923076923
452,Vanderbilt Commodores,"Nashville, Tennessee",vanderbilt/,205.57142857142858,77.57142857142857,205.63636363636363,77.63636363636364
453,Vermont Catamounts,"Burlington, Vermont",vermont/,191.25,76.91666666666667,197.0,77.08333333333333
454,Villanova Wildcats,"Villanova, Pennsylvania",villanova/,207.83333333333334,77.25,207.92307692307693,77.23076923076923
455,Virginia Cavaliers,"Charlottesville, Virginia",virginia/,218.0,78.71428571428571,208.78571428571428,77.78571428571429
456,Virginia Commonwealth Rams,"Richmond, Virginia",virginia-commonwealth/,198.46153846153845,75.6923076923077,196.53846153846155,75.76923076923077
457,Virginia Military Institute Keydets,"Lexington, Virginia",virginia-military-institute/,196.92307692307693,76.46153846153847,199.6875,76.9375
458,Virginia Tech Hokies,"Blacksburg, Virginia",virginia-tech/,214.69230769230768,78.46153846153847,217.41666666666666,78.0
460,Wagner Seahawks,"Staten Island, New York",wagner/,200.0,76.3076923076923,206.78571428571428,77.0
462,Wake Forest Demon Deacons,"Winston-Salem, North Carolina",wake-forest/,200.58823529411765,77.70588235294117,203.9375,77.8125
468,Washington Huskies,"Seattle, Washington",washington/,204.21428571428572,77.28571428571429,210.71428571428572,77.21428571428571
469,Washington State Cougars,"Pullman, Washington",washington-state/,209.76923076923077,77.84615384615384,205.0,77.18181818181819
471,Weber State Wildcats,"Ogden, Utah",weber-state/,197.3846153846154,76.61538461538461,198.45454545454547,76.63636363636364
475,West Virginia Mountaineers,"Morgantown, West Virginia",west-virginia/,214.71428571428572,77.85714285714286,213.73333333333332,77.6
476,Western Carolina Catamounts,"Cullowhee, North Carolina",western-carolina/,191.06666666666666,76.13333333333334,196.2,76.86666666666666
478,Western Illinois Leathernecks,"Macomb, Illinois",western-illinois/,190.9375,77.0,195.33333333333334,77.0
479,Western Kentucky Hilltoppers,"Bowling Green, Kentucky",western-kentucky/,206.84615384615384,77.23076923076923,205.69230769230768,77.6923076923077
480,Western Michigan Broncos,"Kalamazoo, Michigan",western-michigan/,207.4,78.1,202.92307692307693,77.76923076923077
486,Wichita State Shockers,"Wichita, Kansas",wichita-state/,212.25,77.3125,206.5,77.1875
488,William & Mary Tribe,"Williamsburg, Virginia",william-mary/,205.07692307692307,77.61538461538461,203.30769230769232,77.3076923076923
490,Winthrop Eagles,"Rock Hill, South Carolina",winthrop/,195.0,75.71428571428571,191.0,75.4
491,Wisconsin Badgers,"Madison, Wisconsin",wisconsin/,205.0625,77.25,211.13333333333333,78.06666666666666
495,Wofford Terriers,"Spartanburg, South Carolina",wofford/,203.06666666666666,76.53333333333333,207.42857142857142,76.5
498,Wright State Raiders,"Dayton, Ohio",wright-state/,204.0,77.0,198.75,76.16666666666667
499,Wyoming Cowboys,"Laramie, Wyoming",wyoming/,198.54545454545453,77.45454545454545,198.76923076923077,77.6923076923077
500,Xavier Musketeers,"Cincinnati, Ohio",xavier/,203.2,77.93333333333334,204.06666666666666,77.86666666666666
501,Yale Bulldogs,"New Haven, Connecticut",yale/,203.4375,77.0625,202.69230769230768,77.38461538461539
502,Youngstown State Penguins,"Youngstown, Ohio",youngstown-state/,191.53846153846155,76.92307692307692,186.15384615384616,76.23076923076923
